"Nom établissement","Code postal","Commune","Régime","Régime Seveso","Dept","Date_Saisie"
"WIENERBERGER",67204,"ACHENHEIM","Autorisation","Non-Seveso",67,2014-06-05
"WIENERBERGER SAS",67204,"ACHENHEIM","Autorisation","Non-Seveso",67,2014-06-05
"HUBER ET FILS",67320,"ADAMSWILLER","Autorisation","Non-Seveso",67,2014-06-05
"RAUSCHER Adamswiller (carrière)",67320,"ADAMSWILLER","Autorisation","Non-Seveso",67,2014-06-05
"L&L PRODUCTS EUROPE",67120,"ALTORF","Autorisation","Non-Seveso",67,2014-06-05
"SOCIETE ANDRE BAZIN",67120,"ALTORF","Enregistrement","Régime inconnu : ",67,2014-06-05
"STOCKO CONTACT",67140,"ANDLAU","Autorisation","Non-Seveso",67,2014-06-05
"EARL DE LA BASSE COUR",67390,"ARTOLSHEIM","Autorisation","Régime inconnu : ",67,2014-06-05
"EARL URBAN",67600,"BALDENHEIM","Autorisation","Régime inconnu : ",67,2014-06-05
"DEGERMANN GUSTAVE",67140,"BARR","Autorisation","Non-Seveso",67,2014-06-05
"SMICTOM d'Alsace Centrale",67140,"BARR","Enregistrement","Non-Seveso",67,2014-06-05
"KIEFER Claire",67500,"BATZENDORF","Autorisation","Régime inconnu : ",67,2014-06-05
"KOEGER BENOÎT",67500,"BATZENDORF","Autorisation","Régime inconnu : ",67,2014-06-05
"QUARTZ DE HAGUENAU",67500,"BATZENDORF","Autorisation","Non-Seveso",67,2014-06-05
"TRABET",67500,"BATZENDORF","Autorisation","Non-Seveso",67,2014-06-05
"CATALENT FRANCE BEINHEIM SA",67930,"BEINHEIM","Autorisation","Non-Seveso",67,2014-06-05
"COMMUNE DE BEINHEIM",67930,"BEINHEIM","Autorisation","Non-Seveso",67,2014-06-05
"LES GRAVIERES D'ALSACE - GRAVIDAL",67930,"BEINHEIM","Autorisation","Non-Seveso",67,2014-06-05
"LEUCO PRODUCTION SAS",67930,"BEINHEIM","Autorisation","Non-Seveso",67,2014-06-05
"ROQUETTE FRERES",67930,"BEINHEIM","Autorisation","Seuil Bas",67,2014-06-05
"TIMMEL FRERES",67930,"BEINHEIM","Autorisation","Non-Seveso",67,2014-06-05
"SABLIERES HELMBACHER S. A.",67230,"BENFELD","Autorisation","Non-Seveso",67,2014-06-05
"SOCOMEC Usine I",67230,"BENFELD","Autorisation","Non-Seveso",67,2014-06-05
"SARL ROTHAN",67170,"BERSTHEIM","Autorisation","Régime inconnu : ",67,2014-06-05
"ABL TECHNIC",67660,"BETSCHDORF","Autorisation","Non-Seveso",67,2014-06-05
"ALOXAN",67660,"BETSCHDORF","Autorisation","Non-Seveso",67,2014-06-05
"SCHROFF",67660,"BETSCHDORF","Autorisation","Non-Seveso",67,2014-06-05
"WIENERBERGER S.A.S.",67660,"BETSCHDORF","Autorisation","Non-Seveso",67,2014-06-05
"WIENERBERGER SAS",67660,"BETSCHDORF","Autorisation","Non-Seveso",67,2014-06-05
"TRANSMETAUX",67360,"BIBLISHEIM","Autorisation","Non-Seveso",67,2014-06-05
"EARL HENCHES",67720,"BIETLENHEIM","Autorisation","Régime inconnu : ",67,2014-06-05
"SNCF Technicentre de Bischheim",67800,"BISCHHEIM","Autorisation","Non-Seveso",67,2014-06-05
"EDIFI Nord",67870,"BISCHOFFSHEIM","Autorisation","Non-Seveso",67,2014-06-05
"EST GRANULATS",67870,"BISCHOFFSHEIM","Autorisation","Non-Seveso",67,2014-06-05
"TRANSROUTE ENROBES Bischoffsheim",67870,"BISCHOFFSHEIM","Autorisation","Non-Seveso",67,2014-06-05
"DURAVIT",67240,"BISCHWILLER","Autorisation","Non-Seveso",67,2014-06-05
"GAZ LIQUEFIES INDUSTRIE (Anc SCHNEIDER)",67240,"BISCHWILLER","Autorisation","Non-Seveso",67,2014-06-05
"HAGER ELECTRO SAS",67240,"BISCHWILLER","Autorisation","Non-Seveso",67,2014-06-05
"HOLCIM GRANULATS Bischwiller",67240,"BISCHWILLER","Autorisation","Non-Seveso",67,2014-06-05
"Manufacture d'Ebénisterie d'Art 1924",67240,"BISCHWILLER","Autorisation","Non-Seveso",67,2014-06-05
"SMIEOM de Bischwiller et Environs",67240,"BISCHWILLER","Enregistrement","Non-Seveso",67,2014-06-05
"SOBRAL",67240,"BISCHWILLER","Autorisation","Non-Seveso",67,2014-06-05
"GAEC DU GLOECKELSBERG",67113,"BLAESHEIM","Autorisation","Non-Seveso",67,2014-06-05
"LIENHART",67860,"BOOFZHEIM","Autorisation","Non-Seveso",67,2014-06-05
"EARL REINHART",67270,"BOSSENDORF","Autorisation","Régime inconnu : ",67,2014-06-05
"AJ AUTO-DEMOLITION",67330,"BOUXWILLER","Autorisation","Non-Seveso",67,2014-06-05
"BEISER Environnement",67330,"BOUXWILLER","Autorisation","Non-Seveso",67,2014-06-05
"RPC TEDECO GIZEH",67330,"BOUXWILLER","Autorisation","Non-Seveso",67,2014-06-05
"SCEA RICHERT-JACOB",67330,"BOUXWILLER","Enregistrement","Régime inconnu : ",67,2014-06-05
"SECO-EPB",67330,"BOUXWILLER","Autorisation","Non-Seveso",67,2014-06-05
"WIENERBERGER SAS",67330,"BOUXWILLER","Autorisation","Non-Seveso",67,2014-06-05
"FM LOGISTIC",67170,"BRUMATH","Autorisation","Non-Seveso",67,2014-06-05
"NONNENMACHER",67170,"BRUMATH","Autorisation","Non-Seveso",67,2014-06-05
"SARDI",67170,"BRUMATH","Autorisation","Non-Seveso",67,2014-06-05
"TRABET Brumath",67170,"BRUMATH","Autorisation","Non-Seveso",67,2014-06-05
"Soc Exploit de l'Ent André WENDLING",67260,"BURBACH","Autorisation","Non-Seveso",67,2014-06-05
"GAEC DU LIMON",67320,"BUST","Enregistrement","Régime inconnu : ",67,2014-06-05
"SCHNEIDER GEORGES & FILS",67320,"BUST","Autorisation","Non-Seveso",67,2014-06-05
"SCHNEIDER GEORGES & FILS",67320,"BUST","Autorisation","Non-Seveso",67,2014-06-05
"BUCKENMEYER",67730,"CHATENOIS","Autorisation","Non-Seveso",67,2014-06-05
"DORGLER FILS",67730,"CHATENOIS","Autorisation","Non-Seveso",67,2014-06-05
"HERBRICH",67730,"CHATENOIS","Autorisation","Non-Seveso",67,2014-06-05
"OTTENWAELDER",67730,"CHATENOIS","Autorisation","Non-Seveso",67,2014-06-05
"SCI ISENFLED",67730,"CHATENOIS","Régime inconnu : ","Non-Seveso",67,2014-06-05
"SMICTOM ALSACE CENTRALE Chatenois CSDND",67730,"CHATENOIS","Autorisation","Non-Seveso",67,2014-06-05
"GRAF Dachstein",67120,"DACHSTEIN","Autorisation","Non-Seveso",67,2014-06-05
"LEONHARDT Jean-Paul",67120,"DACHSTEIN","Autorisation","Non-Seveso",67,2014-06-05
"CHAUX Michel BOEHM & CIE",67310,"DAHLENHEIM","Autorisation","Non-Seveso",67,2014-06-05
"GRAVIERES DE DALHUNDEN",67770,"DALHUNDEN","Autorisation","Non-Seveso",67,2014-06-05
"CAVE VINICOLE (WOLFBERGER)",67650,"DAMBACH LA VILLE","Enregistrement","Non-Seveso",67,2014-06-05
"ED SNC",67650,"DAMBACH LA VILLE","Autorisation","Non-Seveso",67,2014-06-05
"HAULLER ET FILS",67650,"DAMBACH LA VILLE","Autorisation","Non-Seveso",67,2014-06-05
"RHENUS LOGISTICS ALSACE",67650,"DAMBACH LA VILLE","Autorisation","Non-Seveso",67,2014-06-05
"SCI Piémont",67650,"DAMBACH LA VILLE","Régime inconnu : ","Non-Seveso",67,2014-06-05
"WINCANTON MONDIA",67650,"DAMBACH LA VILLE","Autorisation","Non-Seveso",67,2014-06-05
"KLEINCLAUS",67350,"DAUENDORF","Autorisation","Non-Seveso",67,2014-06-05
"Parc Eolien de Dehlingen",67430,"DEHLINGEN","Autorisation","Non-Seveso",67,2014-06-05
"ELECTROPOLI PRODUCTION",67490,"DETTWILLER","Autorisation","Non-Seveso",67,2014-06-05
"SCIERIE ET CAISSERIE DE STEINBOURG (SCS)",67490,"DETTWILLER","Autorisation","Non-Seveso",67,2014-06-05
"SMITOM DE HAGUENAU SAVERNE",67490,"DETTWILLER","Enregistrement","Non-Seveso",67,2014-06-05
"MASSENEZ",67220,"DIEFFENBACH AU VAL","Autorisation","Non-Seveso",67,2014-06-05
"SCHMIDT FRERES",67430,"DIEMERINGEN","Autorisation","Non-Seveso",67,2014-06-05
"ALSAPAN SAS",67190,"DINSHEIM SUR BRUCHE","Autorisation","Non-Seveso",67,2014-06-05
"WENDLING TP SAS",67430,"DOMFESSEL","Autorisation","Non-Seveso",67,2014-06-05
"CORA (Dorlisheim)",67120,"DORLISHEIM","Enregistrement","Non-Seveso",67,2014-06-05
"GAEC DES CHATAIGNIERS",67160,"DRACHENBRONN BIRLENBACH","Autorisation","Régime inconnu : ",67,2014-06-05
"BIEBER Drulingen Usine II",67320,"DRULINGEN","Autorisation","Non-Seveso",67,2014-06-05
"CHAUDRONNERIE BIEBER",67320,"DRULINGEN","Autorisation","Non-Seveso",67,2014-06-05
"SOTRALENTZ CONSTRUCTION",67320,"DRULINGEN","Autorisation","Non-Seveso",67,2014-06-05
"SOTRALENTZ METAL INDUSTRIES",67320,"DRULINGEN","Autorisation","Non-Seveso",67,2014-06-05
"SOTRALENTZ PACKAGING",67320,"DRULINGEN","Autorisation","Non-Seveso",67,2014-06-05
"DOW AGROSCIENCES SAS Drusenheim",67410,"DRUSENHEIM","Autorisation","Seuil AS",67,2014-06-05
"DOW FRANCE SAS Drusenheim",67410,"DRUSENHEIM","Autorisation","Non-Seveso",67,2014-06-05
"SMIEOM de Bischwiller et Environs",67410,"DRUSENHEIM","Enregistrement","Non-Seveso",67,2014-06-05
"BESTFOODS FRANCE Industries",67120,"DUPPIGHEIM","Autorisation","Non-Seveso",67,2014-06-05
"HARMONY ADVANCED SURFACE TECHNOLOGIES",67120,"DUPPIGHEIM","Autorisation","Non-Seveso",67,2014-06-05
"LOHR Industrie",67120,"DUPPIGHEIM","Autorisation","Non-Seveso",67,2014-06-05
"STAR AUTOS Duppigheim",67120,"DUPPIGHEIM","Autorisation","Non-Seveso",67,2014-06-05
"STEF ALSACE",67120,"DUPPIGHEIM","Autorisation","Non-Seveso",67,2014-06-05
"AUCHAN (anc DOCKS DE FRANCE - SASM)",67120,"DUTTLENHEIM","Autorisation","Non-Seveso",67,2014-06-05
"CVB CHARCUTERIE DE LA VALLEE DE LA BRUC",67120,"DUTTLENHEIM","Enregistrement","Régime inconnu : ",67,2014-06-05
"QUIRI & CIE",67120,"DUTTLENHEIM","Autorisation","Non-Seveso",67,2014-06-05
"SPA SELESTAT ET MOYENNE ALSACE",67600,"EBERSHEIM","Autorisation","Régime inconnu : ",67,2014-06-05
"LEY Hans",67700,"ECKARTSWILLER","Autorisation","Non-Seveso",67,2014-06-05
"SIFDA",67201,"ECKBOLSHEIM","Autorisation","Régime inconnu : ",67,2014-06-05
"KLEIN Eichhoffen",67140,"EICHHOFFEN","Autorisation","Non-Seveso",67,2014-06-05
"TANNERIES HAAS",67140,"EICHHOFFEN","Autorisation","Non-Seveso",67,2014-06-05
"PETERSCHMITT",67390,"ELSENHEIM","Autorisation","Non-Seveso",67,2014-06-05
"SILO DU RIED",67390,"ELSENHEIM","Autorisation","Non-Seveso",67,2014-06-05
"FRANK",67960,"ENTZHEIM","Autorisation","Non-Seveso",67,2014-06-05
"LIDL SNC",67960,"ENTZHEIM","Autorisation","Non-Seveso",67,2014-06-05
"ARTHUR METZ",67680,"EPFIG","Autorisation","Non-Seveso",67,2014-06-05
"BRUNO SIEBERT SA",67120,"ERGERSHEIM","Autorisation","Régime inconnu : ",67,2014-06-05
"MARS PF",67120,"ERNOLSHEIM BRUCHE","Autorisation","Non-Seveso",67,2014-06-05
"ALSAPAN FURNITURE",67150,"ERSTEIN","Autorisation","Non-Seveso",67,2014-06-05
"ARGRU",67150,"ERSTEIN","Autorisation","Non-Seveso",67,2014-06-05
"BAUMERT",67150,"ERSTEIN","Autorisation","Non-Seveso",67,2014-06-05
"COMPTOIR AGRICOLE Erstein",67150,"ERSTEIN","Autorisation","Non-Seveso",67,2014-06-05
"CRISTAL UNION",67150,"ERSTEIN","Autorisation","Non-Seveso",67,2014-06-05
"DOW FRANCE SAS Erstein",67150,"ERSTEIN","Autorisation","Seuil Bas",67,2014-06-05
"ESSO DE L'ILL Erstein",67150,"ERSTEIN","Enregistrement","Non-Seveso",67,2014-06-05
"EUROPLAVAGE",67150,"ERSTEIN","Autorisation","Non-Seveso",67,2014-06-05
"FUCHS INVEST SCI",67150,"ERSTEIN","Enregistrement","Non-Seveso",67,2014-06-05
"GUY DAUPHIN ENVIRONNEMENT",67150,"ERSTEIN","Autorisation","Non-Seveso",67,2014-06-05
"OREST GROUP SA",67150,"ERSTEIN","Autorisation","Non-Seveso",67,2014-06-05
"SCI EKR",67150,"ERSTEIN","Enregistrement","Non-Seveso",67,2014-06-05
"WURTH",67150,"ERSTEIN","Enregistrement","Non-Seveso",67,2014-06-05
"BALLASTIERES HELMBACHER SAS",67114,"ESCHAU","Autorisation","Non-Seveso",67,2014-06-05
"TECHNI-SOUDURE PEREZ Eschau",67114,"ESCHAU","Autorisation","Non-Seveso",67,2014-06-05
"COMEPACK SARL",67360,"ESCHBACH","Autorisation","Non-Seveso",67,2014-06-05
"LILLY FRANCE",67640,"FEGERSHEIM","Autorisation","Non-Seveso",67,2014-06-05
"SCA PACKAGING SAS (ex AR CARTON)",67640,"FEGERSHEIM","Autorisation","Non-Seveso",67,2014-06-05
"SPITZER EUROVRAC",67640,"FEGERSHEIM","Autorisation","Non-Seveso",67,2014-06-05
"EARL LUTTMANN",67117,"FESSENHEIM LE BAS","Autorisation","Régime inconnu : ",67,2014-06-05
"EARL ULRICH JEAN-PIERRE",67117,"FESSENHEIM LE BAS","Autorisation","Régime inconnu : ",67,2014-06-05
"SARL GRAVIERE ET SABLIERE HUBELE",67480,"FORT LOUIS","Autorisation","Non-Seveso",67,2014-06-05
"SARL SABLES ET GRAVIERS WILLERSINN",67480,"FORT LOUIS","Autorisation","Non-Seveso",67,2014-06-05
"WILLERSINN (inst trait.)",67480,"FORT LOUIS","Autorisation","Non-Seveso",67,2014-06-05
"EARL EXAGEL PORCS",67860,"FRIESENHEIM","Autorisation","Régime inconnu : ",67,2014-06-05
"EARL FRITSCH ERIC",67860,"FRIESENHEIM","Autorisation","Régime inconnu : ",67,2014-06-05
"EARL FRITSCH JEAN-FREDERIC",67860,"FRIESENHEIM","Autorisation","Régime inconnu : ",67,2014-06-05
"LES GRAVIERES RHENANES",67860,"FRIESENHEIM","Autorisation","Non-Seveso",67,2014-06-05
"G. S. M.",67760,"GAMBSHEIM","Autorisation","Non-Seveso",67,2014-06-05
"GRAVIERE ET SABLIERE VELTZ VIX SAS",67760,"GAMBSHEIM","Autorisation","Non-Seveso",67,2014-06-05
"MADINA (SUPER U)",67760,"GAMBSHEIM","Enregistrement","Non-Seveso",67,2014-06-05
"SMIEOM",67760,"GAMBSHEIM","Enregistrement","Non-Seveso",67,2014-06-05
"CFCC- CHOCOLATERIE SCHAAL",67118,"GEISPOLSHEIM","Autorisation","Non-Seveso",67,2014-06-05
"CHOUCROUTAL",67118,"GEISPOLSHEIM","Autorisation","Non-Seveso",67,2014-06-05
"CHOUCROUTE DE HATTISHEIM",67118,"GEISPOLSHEIM","Autorisation","Non-Seveso",67,2014-06-05
"DUFOURCET Sarl MARCILLET",67118,"GEISPOLSHEIM","Autorisation","Non-Seveso",67,2014-06-05
"SCHAAL FRANCIS",67118,"GEISPOLSHEIM","Autorisation","Non-Seveso",67,2014-06-05
"SCHWOOB",67118,"GEISPOLSHEIM","Autorisation","Non-Seveso",67,2014-06-05
"Société GEDIS - E. LECLERC",67118,"GEISPOLSHEIM","Autorisation","Non-Seveso",67,2014-06-05
"BRASSERIE METEOR",67270,"GEISWILLER","Autorisation","Non-Seveso",67,2014-06-05
"BODEIN Jean-François",67150,"GERSTHEIM","Autorisation","Non-Seveso",67,2014-06-05
"DREYFUS Francois",67150,"GERSTHEIM","Autorisation","Non-Seveso",67,2014-06-05
"ECOCASSE",67150,"GERSTHEIM","Autorisation","Non-Seveso",67,2014-06-05
"EST GRANULATS",67150,"GERSTHEIM","Autorisation","Non-Seveso",67,2014-06-05
"NEOCOLOR",67140,"GERTWILLER","Autorisation","Non-Seveso",67,2014-06-05
"Alsace Biscuits Tradition SARL",67170,"GEUDERTHEIM","Autorisation","Non-Seveso",67,2014-06-05
"SINPAC",67170,"GEUDERTHEIM","Autorisation","Régime inconnu : ",67,2014-06-05
"ALSACHROM",67240,"GRIES","Autorisation","Non-Seveso",67,2014-06-05
"EARL SIMON Claude",67110,"GUMBRECHTSHOFFEN","Autorisation","Régime inconnu : ",67,2014-06-05
"ATRYA (anct TRYBA)",67110,"GUNDERSHOFFEN","Autorisation","Non-Seveso",67,2014-06-05
"KLIPFEL & FILS",67110,"GUNDERSHOFFEN","Autorisation","Non-Seveso",67,2014-06-05
"ABATTOIRS DE HAGUENAU",67500,"HAGUENAU","Autorisation","Régime inconnu : ",67,2014-06-05
"ATESYS",67500,"HAGUENAU","Autorisation","Non-Seveso",67,2014-06-05
"BOUCHERIE CHARCUT ZENTZ SARL",67500,"HAGUENAU","Enregistrement","Régime inconnu : ",67,2014-06-05
"CORA Haguenau S.A.S.",67500,"HAGUENAU","Autorisation","Non-Seveso",67,2014-06-05
"EARL RIHN",67500,"HAGUENAU","Autorisation","Régime inconnu : ",67,2014-06-05
"EMFI SAS",67500,"HAGUENAU","Autorisation","Non-Seveso",67,2014-06-05
"FRIEDRICH-Sablières de Quartz",67500,"HAGUENAU","Autorisation","Non-Seveso",67,2014-06-05
"GIE TERRES DE SOUFFLENHEIM",67500,"HAGUENAU","Autorisation","Non-Seveso",67,2014-06-05
"GRUNDER",67500,"HAGUENAU","Autorisation","Non-Seveso",67,2014-06-05
"ITRON FRANCE",67500,"HAGUENAU","Autorisation","Non-Seveso",67,2014-06-05
"MARS CHOCOLAT FRANCE",67500,"HAGUENAU","Autorisation","Non-Seveso",67,2014-06-05
"MATCH Haguenau",67500,"HAGUENAU","Autorisation","Non-Seveso",67,2014-06-05
"NOVERGIE Est",67507,"HAGUENAU","Autorisation","Non-Seveso",67,2014-06-05
"SCHAEFFLER FRANCE U1 Haguenau",67500,"HAGUENAU","Autorisation","Non-Seveso",67,2014-06-05
"SCHAEFFLER FRANCE U2 Haguenau",67500,"HAGUENAU","Autorisation","Non-Seveso",67,2014-06-05
"SEW USOCOME",67500,"HAGUENAU","Autorisation","Non-Seveso",67,2014-06-05
"TIXIT Route de Marienthal (T2)",67500,"HAGUENAU","Autorisation","Non-Seveso",67,2014-06-05
"TRUMPF MACHINES",67500,"HAGUENAU","Autorisation","Non-Seveso",67,2014-06-05
"FRIEDRICH -SABLIERES DE QUARTZ DE HATTEN",67690,"HATTEN","Autorisation","Non-Seveso",67,2014-06-05
"GÄTMO MOTORSPORT SARL",67690,"HATTEN","Autorisation","Non-Seveso",67,2014-06-05
"STRIEBIG",67690,"HATTEN","Autorisation","Non-Seveso",67,2014-06-05
"SIAT BRAUN Heiligenberg",67190,"HEILIGENBERG","Autorisation","Non-Seveso",67,2014-06-05
"AERODIS",67260,"HERBITZHEIM","Régime inconnu : ","Non-Seveso",67,2014-06-05
"PONEY RANCH - CENTRE DE LOISIRS S.A.R.L.",67230,"HERBSHEIM","Autorisation","Régime inconnu : ",67,2014-06-05
"SABLIERES HELMBACHER S.A.",67230,"HERBSHEIM","Autorisation","Non-Seveso",67,2014-06-05
"DE RIJKE ALSACE",67850,"HERRLISHEIM","Autorisation","Non-Seveso",67,2014-06-05
"EURO AUTO PIECES SARL",67850,"HERRLISHEIM","Autorisation","Non-Seveso",67,2014-06-05
"GUSTAVE MULLER SAS",67850,"HERRLISHEIM","Autorisation","Non-Seveso",67,2014-06-05
"LAVALSACE",67850,"HERRLISHEIM","Autorisation","Non-Seveso",67,2014-06-05
"RHONE GAZ Herrlisheim",67850,"HERRLISHEIM","Autorisation","Seuil AS",67,2014-06-05
"SITA REKEM",67850,"HERRLISHEIM","Autorisation","Non-Seveso",67,2014-06-05
"EHRHART SCIERIE",67600,"HILSENHEIM","Autorisation","Non-Seveso",67,2014-06-05
"KLEIN & Cie",67150,"HINDISHEIM","Autorisation","Non-Seveso",67,2014-06-05
"EARL DU VIEUX CLOCHER",67260,"HINSINGEN","Enregistrement","Régime inconnu : ",67,2014-06-05
"BRASSERIE METEOR",67270,"HOCHFELDEN","Autorisation","Non-Seveso",67,2014-06-05
"COMPTOIR AGRICOLE",67270,"HOCHFELDEN","Autorisation","Non-Seveso",67,2014-06-05
"HEIDINGER EBEL",67270,"HOCHFELDEN","Autorisation","Non-Seveso",67,2014-06-05
"LEVY",67270,"HOCHFELDEN","Autorisation","Non-Seveso",67,2014-06-05
"SCEA ROMAIN MARTIN",67270,"HOCHFELDEN","Autorisation","Régime inconnu : ",67,2014-06-05
"SITA ALSACE Hochfelden (CSDU)",67270,"HOCHFELDEN","Autorisation","Non-Seveso",67,2014-06-05
"Tuilerie - Briqueterie Pierre LANTER",67270,"HOCHFELDEN","Autorisation","Non-Seveso",67,2014-06-05
"Pierre SCHMIDT",67800,"HOENHEIM","Autorisation","Non-Seveso",67,2014-06-05
"ALECTA HOERDT",67720,"HOERDT","Autorisation","Non-Seveso",67,2014-06-05
"ALSACE LAIT",67720,"HOERDT","Autorisation","Non-Seveso",67,2014-06-05
"Gravières d'Alsace Lorraine",67720,"HOERDT","Autorisation","Non-Seveso",67,2014-06-05
"MONDEX LOGIRACK",67720,"HOERDT","Autorisation","Non-Seveso",67,2014-06-05
"Société Alsacienne de Pâtes Ménagères",67720,"HOERDT","Autorisation","Non-Seveso",67,2014-06-05
"TSCHOEPPE INDUSTRIE",67720,"HOERDT","Autorisation","Non-Seveso",67,2014-06-05
"WOLFHUGEL",67720,"HOERDT","Autorisation","Non-Seveso",67,2014-06-05
"ZIEGLER FRANCE",67720,"HOERDT","Autorisation","Non-Seveso",67,2014-06-05
"EARL KIENTZ",67170,"HOHATZENHEIM","Autorisation","Non-Seveso",67,2014-06-05
"COPVIAL S.A.",67810,"HOLTZHEIM","Autorisation","Régime inconnu : ",67,2014-06-05
"E T S",67810,"HOLTZHEIM","Autorisation","Non-Seveso",67,2014-06-05
"HOLCIM GRANULATS FRANCE",67810,"HOLTZHEIM","Autorisation","Non-Seveso",67,2014-06-05
"EARL DU KLEINFELD-JUNG",67117,"HURTIGHEIM","Autorisation","Régime inconnu : ",67,2014-06-05
"SAFETY KLEEN FRANCE",67230,"HUTTENHEIM","Autorisation","Non-Seveso",67,2014-06-05
"AUCHAN CARBURANT",67400,"ILLKIRCH GRAFFENSTADEN","Autorisation","Non-Seveso",67,2014-06-05
"CASS PAULO HONOLD FERS ET METAUX",67400,"ILLKIRCH GRAFFENSTADEN","Autorisation","Non-Seveso",67,2014-06-05
"CHM International (ex-CLESTRA)",67400,"ILLKIRCH GRAFFENSTADEN","Autorisation","Non-Seveso",67,2014-06-05
"Entreprise de Travaux et Matériaux",67400,"ILLKIRCH GRAFFENSTADEN","Autorisation","Non-Seveso",67,2014-06-05
"FLENDER GRAFFENSTADEN",67400,"ILLKIRCH GRAFFENSTADEN","Autorisation","Non-Seveso",67,2014-06-05
"HERTA",67400,"ILLKIRCH GRAFFENSTADEN","Autorisation","Régime inconnu : ",67,2014-06-05
"KIRN PRODUCTION ILLKIRCH GRAFFENSTADEN",67400,"ILLKIRCH GRAFFENSTADEN","Enregistrement","Régime inconnu : ",67,2014-06-05
"OBERT Sarl",67400,"ILLKIRCH GRAFFENSTADEN","Autorisation","Non-Seveso",67,2014-06-05
"SAS FISHER BIOBLOCK SCIENTIFIC",67400,"ILLKIRCH GRAFFENSTADEN","Autorisation","Non-Seveso",67,2014-06-05
"TRANSGENE Illkirch",67400,"ILLKIRCH GRAFFENSTADEN","Autorisation","Non-Seveso",67,2014-06-05
"COMPTOIR AGRICOLE",67270,"INGENHEIM","Autorisation","Non-Seveso",67,2014-06-05
"STRUB Ingenheim",67270,"INGENHEIM","Autorisation","Non-Seveso",67,2014-06-05
"Charpentes Alfred CLEISS",67340,"INGWILLER","Autorisation","Non-Seveso",67,2014-06-05
"EMAILLERIE RHENANE",67340,"INGWILLER","Autorisation","Non-Seveso",67,2014-06-05
"KECK CHIMIE",67340,"INGWILLER","Autorisation","Non-Seveso",67,2014-06-05
"KLEIN WANNER",67340,"INGWILLER","Autorisation","Non-Seveso",67,2014-06-05
"TRW CARR FRANCE",67340,"INGWILLER","Autorisation","Non-Seveso",67,2014-06-05
"EARL DES CHARMILLES",67117,"ITTENHEIM","Autorisation","Régime inconnu : ",67,2014-06-05
"METZGER MULLER (La charcuterie)",67117,"ITTENHEIM","Enregistrement","Régime inconnu : ",67,2014-06-05
"EARL GASS DANIEL",67370,"ITTLENHEIM","Autorisation","Régime inconnu : ",67,2014-06-05
"GAEC DE L'OBERMATT-DEBES",67440,"JETTERSWILLER","Autorisation","Régime inconnu : ",67,2014-06-05
"GAEC JUNG",67440,"JETTERSWILLER","Autorisation","Régime inconnu : ",67,2014-06-05
"HOLDERBACH",67440,"JETTERSWILLER","Autorisation","Non-Seveso",67,2014-06-05
"QUARTZ D'ALSACE",67240,"KALTENHOUSE","Autorisation","Non-Seveso",67,2014-06-05
"EUROVIA Lorraine",67260,"KESKASTEL","Autorisation","Non-Seveso",67,2014-06-05
"MOULIN DE SARRALBE",67260,"KESKASTEL","Autorisation","Non-Seveso",67,2014-06-05
"SARBETON (anct. CILOR)",67260,"KESKASTEL","Autorisation","Non-Seveso",67,2014-06-05
"SARRE ET MOSELLE ENROBES (SEME)",67260,"KESKASTEL","Autorisation","Non-Seveso",67,2014-06-05
"WIENERBERGER SAS",67930,"KESSELDORF","Autorisation","Non-Seveso",67,2014-06-05
"EARL DU GEISBERG",67270,"KIENHEIM","Autorisation","Régime inconnu : ",67,2014-06-05
"MONTAGNE DES SINGES SA KINTZHEIM",67600,"KINTZHEIM","Autorisation","Régime inconnu : ",67,2014-06-05
"PARC DES CIGONES ET DE LOISIRS CIGOLAND",67600,"KINTZHEIM","Autorisation","Régime inconnu : ",67,2014-06-05
"ROSSMANN",67600,"KINTZHEIM","Autorisation","Non-Seveso",67,2014-06-05
"VOLERIE DES AIGLES SA KINTZHEIM",67600,"KINTZHEIM","Autorisation","Régime inconnu : ",67,2014-06-05
"EARL KOERCKEL",67530,"KLINGENTHAL","Autorisation","Régime inconnu : ",67,2014-06-05
"SCHWENCK",67530,"KLINGENTHAL","Autorisation","Non-Seveso",67,2014-06-05
"SINEU GRAFF",67230,"KOGENHEIM","Autorisation","Non-Seveso",67,2014-06-05
"ANGSTHELM Paul",67880,"KRAUTERGERSHEIM","Autorisation","Non-Seveso",67,2014-06-05
"CHOUCROUTERIE MEYER WAGNER",67880,"KRAUTERGERSHEIM","Autorisation","Non-Seveso",67,2014-06-05
"Choucrouterie MEYER-WAGNER",67880,"KRAUTERGERSHEIM","Autorisation","Non-Seveso",67,2014-06-05
"RIEFFEL",67880,"KRAUTERGERSHEIM","Autorisation","Non-Seveso",67,2014-06-05
"RIEFFEL 'Kirrweg'",67880,"KRAUTERGERSHEIM","Autorisation","Non-Seveso",67,2014-06-05
"RIEFFEL route d'Obernai",67880,"KRAUTERGERSHEIM","Autorisation","Non-Seveso",67,2014-06-05
"WEBER R ET FILS",67880,"KRAUTERGERSHEIM","Autorisation","Non-Seveso",67,2014-06-05
"WEBER R ET FILS",67880,"KRAUTERGERSHEIM","Autorisation","Non-Seveso",67,2014-06-05
"G. S. M. Alsace",67610,"LA WANTZENAU","Autorisation","Non-Seveso",67,2014-06-05
"LANXESS EMULSION RUBBER",67610,"LA WANTZENAU","Autorisation","Seuil AS",67,2014-06-05
"CEPL ALSACE (anct. ADIDAS SARRAGAN)",67700,"LANDERSHEIM","Autorisation","Non-Seveso",67,2014-06-05
"STAUB (RAUSCHER)",67360,"LANGENSOULTZBACH","Autorisation","Non-Seveso",67,2014-06-05
"COMPTOIR AGRICOLE",67630,"LAUTERBOURG","Autorisation","Non-Seveso",67,2014-06-05
"EIFFAGE CONSTRUCTION METALLIQUE",67630,"LAUTERBOURG","Autorisation","Non-Seveso",67,2014-06-05
"EVONIK OIL ADDITIVES SAS",67630,"LAUTERBOURG","Autorisation","Seuil AS",67,2014-06-05
"KEMIRA CHIMIE",67630,"LAUTERBOURG","Autorisation","Non-Seveso",67,2014-06-05
"ROHM AND HAAS FRANCE SAS",67630,"LAUTERBOURG","Autorisation","Seuil AS",67,2014-06-05
"SAS des GRAVIERES DE LAUTERBOURG",67630,"LAUTERBOURG","Autorisation","Non-Seveso",67,2014-06-05
"SAS des GRAVIERES DE LAUTERBOURG",67630,"LAUTERBOURG","Autorisation","Non-Seveso",67,2014-06-05
"SAS des GRAVIERES DE LAUTERBOURG",67630,"LAUTERBOURG","Autorisation","Non-Seveso",67,2014-06-05
"EARL WALDMUHLE",67250,"LEITERSWILLER","Autorisation","Régime inconnu : ",67,2014-06-05
"EHRSTEIN",67510,"LEMBACH","Autorisation","Non-Seveso",67,2014-06-05
"SIEGFRIED GASTON",67480,"LEUTENHEIM","Autorisation","Non-Seveso",67,2014-06-05
"SYSTEME WOLF",67480,"LEUTENHEIM","Autorisation","Non-Seveso",67,2014-06-05
"Société des Gravières de Leutenheim",67480,"LEUTENHEIM","Autorisation","Non-Seveso",67,2014-06-05
"BETON PRET DE L'EST",67380,"LINGOLSHEIM","Enregistrement","Non-Seveso",67,2014-06-05
"HOLCIM GRANULATS FRANCE",67380,"LINGOLSHEIM","Autorisation","Non-Seveso",67,2014-06-05
"OCTAPHARMA",67380,"LINGOLSHEIM","Autorisation","Non-Seveso",67,2014-06-05
"SABLIERES OESCH",67380,"LINGOLSHEIM","Autorisation","Non-Seveso",67,2014-06-05
"GAGGENAU INDUSTRIE (anct PAIN)",67640,"LIPSHEIM","Autorisation","Non-Seveso",67,2014-06-05
"BINDER JOSEPH",67490,"LITTENHEIM","Autorisation","Régime inconnu : ",67,2014-06-05
"GAEC DE LA MARJOLAINE REINHART",67490,"LITTENHEIM","Autorisation","Régime inconnu : ",67,2014-06-05
"WIENERBERGER SAS",67270,"LIXHAUSEN","Autorisation","Non-Seveso",67,2014-06-05
"Carrières et Matériaux Grès des Vosges",67290,"LOHR","Autorisation","Non-Seveso",67,2014-06-05
"RAUSCHER Lohr (carrière)",67290,"LOHR","Autorisation","Non-Seveso",67,2014-06-05
"KARCHER S.A.S.",67430,"LORENTZEN","Autorisation","Non-Seveso",67,2014-06-05
"GCM",67490,"LUPSTEIN","Autorisation","Non-Seveso",67,2014-06-05
"SOLLER",67490,"LUPSTEIN","Autorisation","Non-Seveso",67,2014-06-05
"GEBOPLAST",67130,"LUTZELHOUSE","Autorisation","Non-Seveso",67,2014-06-05
"GEORGES RAUSCHER",67430,"MACKWILLER","Autorisation","Non-Seveso",67,2014-06-05
"KUNTZ",67430,"MACKWILLER","Autorisation","Non-Seveso",67,2014-06-05
"BALLASTIERES WERNY",67390,"MARCKOLSHEIM","Autorisation","Non-Seveso",67,2014-06-05
"COMPTOIR AGRICOLE Marckolsheim",67390,"MARCKOLSHEIM","Autorisation","Non-Seveso",67,2014-06-05
"EARL SIEGEL",67390,"MARCKOLSHEIM","Autorisation","Régime inconnu : ",67,2014-06-05
"FAURECIA AUTOMOTIVE INDUSTRIE",67390,"MARCKOLSHEIM","Autorisation","Non-Seveso",67,2014-06-05
"JEMA DISTRIBUTION",67390,"MARCKOLSHEIM","Enregistrement","Non-Seveso",67,2014-06-05
"JUNGBUNZLAUER",67390,"MARCKOLSHEIM","Autorisation","Non-Seveso",67,2014-06-05
"TEREOS SYRAL",67390,"MARCKOLSHEIM","Autorisation","Non-Seveso",67,2014-06-05
"SPA DE HAGUENAU FOURRIERE",67500,"MARIENTHAL","Autorisation","Régime inconnu : ",67,2014-06-05
"ALSAPAN",67520,"MARLENHEIM","Autorisation","Non-Seveso",67,2014-06-05
"ARTHUR METZ",67520,"MARLENHEIM","Autorisation","Non-Seveso",67,2014-06-05
"COLLANO (anct. CHIMISTRA)",67520,"MARLENHEIM","Autorisation","Non-Seveso",67,2014-06-05
"COMPTOIR AGRICOLE Marlenheim",67520,"MARLENHEIM","Autorisation","Seuil Bas",67,2014-06-05
"HEIMBURGER",67520,"MARLENHEIM","Autorisation","Non-Seveso",67,2014-06-05
"EUROFARAD",67440,"MARMOUTIER","Autorisation","Non-Seveso",67,2014-06-05
"PROFINE FRANCE",67440,"MARMOUTIER","Autorisation","Non-Seveso",67,2014-06-05
"SIVOM Bassin de l'EHN",67210,"MEISTRATZHEIM","Autorisation","Non-Seveso",67,2014-06-05
"ISRI FRANCE Merkwiller-Pechelbronn",67250,"MERKWILLER PECHELBRONN","Autorisation","Non-Seveso",67,2014-06-05
"DE DIETRICH THERMIQUE Mertzwiller",67580,"MERTZWILLER","Autorisation","Non-Seveso",67,2014-06-05
"TRANSMETAUX",67580,"MERTZWILLER","Autorisation","Non-Seveso",67,2014-06-05
"Ebenisterie Seltz",67140,"MITTELBERGHEIM","Autorisation","Non-Seveso",67,2014-06-05
"SARL COFCO",67170,"MITTELHAUSEN","Enregistrement","Non-Seveso",67,2014-06-05
"FEIDT Transport Logistique",67120,"MOLSHEIM","Autorisation","Non-Seveso",67,2014-06-05
"GOUVY-MULLER Usine de Molsheim",67120,"MOLSHEIM","Autorisation","Non-Seveso",67,2014-06-05
"ILLER DISTRIBUTION",67120,"MOLSHEIM","Enregistrement","Régime inconnu : ",67,2014-06-05
"LORIAL",67120,"MOLSHEIM","Autorisation","Non-Seveso",67,2014-06-05
"MERCEDES-BENZ MOLSHEIM",67120,"MOLSHEIM","Autorisation","Non-Seveso",67,2014-06-05
"MESSIER BUGATTI DOWTY",67129,"MOLSHEIM","Autorisation","Seuil AS",67,2014-06-05
"OSRAM S.A.S.",67120,"MOLSHEIM","Autorisation","Non-Seveso",67,2014-06-05
"SCI DFK",67120,"MOLSHEIM","Régime inconnu : ","Non-Seveso",67,2014-06-05
"Scierie FEIDT",67120,"MOLSHEIM","Autorisation","Non-Seveso",67,2014-06-05
"AMMANN JOSEPH",67670,"MOMMENHEIM","Autorisation","Régime inconnu : ",67,2014-06-05
"LOGISTIQUE JUNG",67670,"MOMMENHEIM","Autorisation","Non-Seveso",67,2014-06-05
"SEW USOCOME",67670,"MOMMENHEIM","Régime inconnu : ","Non-Seveso",67,2014-06-05
"HAEMMERLIN",67700,"MONSWILLER","Autorisation","Non-Seveso",67,2014-06-05
"KUHN MGM",67700,"MONSWILLER","Autorisation","Non-Seveso",67,2014-06-05
"SMAL FRANCE",67700,"MONSWILLER","Autorisation","Non-Seveso",67,2014-06-05
"GERHARD Mothern",67470,"MOTHERN","Autorisation","Non-Seveso",67,2014-06-05
"GEBOPLAST",67130,"MUHLBACH SUR BRUCHE","Autorisation","Non-Seveso",67,2014-06-05
"ELECTRICITE DE STRASBOURG",67450,"MUNDOLSHEIM","Autorisation","Non-Seveso",67,2014-06-05
"GMA CORA Mundolsheim",67450,"MUNDOLSHEIM","Autorisation","Non-Seveso",67,2014-06-05
"T.B.R.A.",67450,"MUNDOLSHEIM","Enregistrement","Régime inconnu : ",67,2014-06-05
"GAEC GOETZ",67600,"MUSSIG","Autorisation","Régime inconnu : ",67,2014-06-05
"MATHIS Paul",67600,"MUTTERSHOLTZ","Autorisation","Non-Seveso",67,2014-06-05
"SITA Alsace",67270,"MUTZENHOUSE","Autorisation","Non-Seveso",67,2014-06-05
"MARTIN ET FILS SARL",67220,"NEUBOIS","Autorisation","Non-Seveso",67,2014-06-05
"OUREVAL",67220,"NEUVE EGLISE","Autorisation","Non-Seveso",67,2014-06-05
"SMICTOM d'Alsace Centrale",67220,"NEUVE EGLISE","Enregistrement","Non-Seveso",67,2014-06-05
"THOMAS ROBERT",67220,"NEUVE EGLISE","Autorisation","Non-Seveso",67,2014-06-05
"EARL SANTER",67350,"NIEDERALTDORF","Autorisation","Régime inconnu : ",67,2014-06-05
"CAPITOL EUROPE",67110,"NIEDERBRONN LES BAINS","Autorisation","Non-Seveso",67,2014-06-05
"FONDERIE DE NIEDERBRONN SAS",67110,"NIEDERBRONN LES BAINS","Autorisation","Non-Seveso",67,2014-06-05
"SIAT BRAUN (F BRAUN) Niederhaslach",67280,"NIEDERHASLACH","Autorisation","Non-Seveso",67,2014-06-05
"GEOPETROL puits NDL 101 et NDL 2",67630,"NIEDERLAUTERBACH","Autorisation","Non-Seveso",67,2014-06-05
"GEOPETROL puits NDL 103 et NDL 108",67630,"NIEDERLAUTERBACH","Autorisation","Non-Seveso",67,2014-06-05
"EMFI Niedermodern",67350,"NIEDERMODERN","Autorisation","Non-Seveso",67,2014-06-05
"SPRINAR COMPOTECH",67350,"NIEDERMODERN","Autorisation","Non-Seveso",67,2014-06-05
"GUSTAVE MULLER (BLOCH) Niedernai",67210,"NIEDERNAI","Autorisation","Non-Seveso",67,2014-06-05
"COP",67150,"NORDHOUSE","Autorisation","Non-Seveso",67,2014-06-05
"GRAVIERE DE NORDHOUSE",67150,"NORDHOUSE","Autorisation","Non-Seveso",67,2014-06-05
"SARL Gravière de Nordhouse",67150,"NORDHOUSE","Autorisation","Non-Seveso",67,2014-06-05
"CHOUCROUTE DU RHIN",67230,"OBENHEIM","Autorisation","Non-Seveso",67,2014-06-05
"DE DIETRICH SAS",67110,"OBERBRONN","Autorisation","Non-Seveso",67,2014-06-05
"CADDIE Revêtement",67205,"OBERHAUSBERGEN","Autorisation","Non-Seveso",67,2014-06-05
"EARL KAUFFMANN",67330,"OBERMODERN","Autorisation","Régime inconnu : ",67,2014-06-05
"BRASSERIE KRONENBOURG K2",67210,"OBERNAI","Autorisation","Non-Seveso",67,2014-06-05
"CAVE D'OBERNAI - DIVINAL",67210,"OBERNAI","Autorisation","Non-Seveso",67,2014-06-05
"CMO",67210,"OBERNAI","Autorisation","Non-Seveso",67,2014-06-05
"HAGER ELECTRO",67210,"OBERNAI","Autorisation","Non-Seveso",67,2014-06-05
"STOEFFLER SAS",67210,"OBERNAI","Autorisation","Régime inconnu : ",67,2014-06-05
"SUPRA II",67216,"OBERNAI","Autorisation","Non-Seveso",67,2014-06-05
"TRANSPORTS LOGISTIQUE JUNG Obernai",67210,"OBERNAI","Autorisation","Non-Seveso",67,2014-06-05
"TRIUMPH INTERNATIONAL Obernai",67210,"OBERNAI","Autorisation","Non-Seveso",67,2014-06-05
"DENIS AUTO",67203,"OBERSCHAEFFOLSHEIM","Autorisation","Non-Seveso",67,2014-06-05
"LINGENHELD ENVIRONNEMENT",67203,"OBERSCHAEFFOLSHEIM","Autorisation","Non-Seveso",67,2014-06-05
"SEMAROUTE SARL",67203,"OBERSCHAEFFOLSHEIM","Autorisation","Non-Seveso",67,2014-06-05
"GRAVIERES ET CONCASSAGES D'OFFENDORF",67850,"OFFENDORF","Autorisation","Non-Seveso",67,2014-06-05
"SODIPLEC",67600,"ORSCHWILLER","Autorisation","Non-Seveso",67,2014-06-05
"ENROBES D'OSTWALD",67540,"OSTWALD","Autorisation","Non-Seveso",67,2014-06-05
"EST GRANULATS",67540,"OSTWALD","Autorisation","Non-Seveso",67,2014-06-05
"MECACORP",67540,"OSTWALD","Autorisation","Non-Seveso",67,2014-06-05
"LES NAIADES SA OTTROTT",67530,"OTTROTT","Autorisation","Régime inconnu : ",67,2014-06-05
"OTT CHARLES",67320,"OTTWILLER","Enregistrement","Régime inconnu : ",67,2014-06-05
"GRANDS CHAIS DE FRANCE Petersbach",67290,"PETERSBACH","Autorisation","Non-Seveso",67,2014-06-05
"GAEC DE LA MODER",67350,"PFAFFENHOFFEN","Autorisation","Régime inconnu : ",67,2014-06-05
"PHILLIPPS Pfalzweyer",67320,"PFALZWEYER","Autorisation","Non-Seveso",67,2014-06-05
"EARL FERME DAUL",67370,"PFETTISHEIM","Autorisation","Régime inconnu : ",67,2014-06-05
"EARL FERME FIX",67370,"PFETTISHEIM","Autorisation","Régime inconnu : ",67,2014-06-05
"EARL ROTH CLAUDE",67370,"PFULGRIESHEIM","Autorisation","Régime inconnu : ",67,2014-06-05
"CARRIERE DE TRAPP",67420,"PLAINE","Autorisation","Non-Seveso",67,2014-06-05
"MORITZ SA SOC EXPLOIT",67420,"PLAINE","Enregistrement","Régime inconnu : ",67,2014-06-05
"GEOPETROL Plobsheim",67115,"PLOBSHEIM","Autorisation","Non-Seveso",67,2014-06-05
"SARL ZACHER",67250,"PREUSCHDORF","Autorisation","Régime inconnu : ",67,2014-06-05
"SCHLIFFER CHRISTOPHE",67490,"PRINTZHEIM","Autorisation","Régime inconnu : ",67,2014-06-05
"ALSTOM Transport S.A.",67110,"REICHSHOFFEN","Autorisation","Non-Seveso",67,2014-06-05
"SITA ALSACE",67110,"REICHSHOFFEN","Autorisation","Non-Seveso",67,2014-06-05
"STAL",67110,"REICHSHOFFEN","Autorisation","Non-Seveso",67,2014-06-05
"VOSSLOH COGIFER (appareil de voie)",67110,"REICHSHOFFEN","Enregistrement","Non-Seveso",67,2014-06-05
"BUTAGAZ SAS",67116,"REICHSTETT","Autorisation","Seuil AS",67,2014-06-05
"STEF ALSACE",67116,"REICHSTETT","Autorisation","Non-Seveso",67,2014-06-05
"UNION DES COOPERATEURS D'ALSACE",67116,"REICHSTETT","Autorisation","Non-Seveso",67,2014-06-05
"WAGRAM TERMINAL SAS",67116,"REICHSTETT","Autorisation","Seuil AS",67,2014-06-05
"KNAUF INDUSTRIES Rhinau",67860,"RHINAU","Autorisation","Non-Seveso",67,2014-06-05
"RUDINGER",67860,"RHINAU","Autorisation","Non-Seveso",67,2014-06-05
"ARMBRUSTER Richtolsheim",67390,"RICHTOLSHEIM","Autorisation","Non-Seveso",67,2014-06-05
"EARL TIERGARTEN",67330,"RIEDHEIM","Autorisation","Régime inconnu : ",67,2014-06-05
"LES JUS DE FRUITS D'ALSACE",67260,"RIMSDORF","Autorisation","Non-Seveso",67,2014-06-05
"GAEC BIGNET-LEININGER",67350,"RINGELDORF","Enregistrement","Régime inconnu : ",67,2014-06-05
"GAEC DE L'HORIZON WINTZ",67270,"ROHR","Autorisation","Régime inconnu : ",67,2014-06-05
"TOTAL PETROCHEMICALS FRANCE Oberhoffen",67410,"ROHRWILLER","Autorisation","Seuil AS",67,2014-06-05
"CDVT",67310,"ROMANSWILLER","Autorisation","Non-Seveso",67,2014-06-05
"ALPHA VEOLIA PROPRETE",67560,"ROSHEIM","Autorisation","Non-Seveso",67,2014-06-05
"BARUCH & FISCH",67560,"ROSHEIM","Autorisation","Non-Seveso",67,2014-06-05
"BARUCH & FISCH",67560,"ROSHEIM","Autorisation","Non-Seveso",67,2014-06-05
"FRIEDERICH Rosheim",67560,"ROSHEIM","Autorisation","Non-Seveso",67,2014-06-05
"METAL FORMING CENTER",67560,"ROSHEIM","Autorisation","Non-Seveso",67,2014-06-05
"REMEX",67560,"ROSHEIM","Autorisation","Non-Seveso",67,2014-06-05
"KARCHER",67290,"ROSTEIG","Autorisation","Non-Seveso",67,2014-06-05
"WENDLING Rosteig",67290,"ROSTEIG","Autorisation","Non-Seveso",67,2014-06-05
"CARRIERE LOEGEL ROTHBACH",67340,"ROTHBACH","Autorisation","Non-Seveso",67,2014-06-05
"RAUSCHER Rothbach (Hirschtal)",67340,"ROTHBACH","Autorisation","Non-Seveso",67,2014-06-05
"RAUSCHER Rothbach (Winkelberg)",67340,"ROTHBACH","Autorisation","Non-Seveso",67,2014-06-05
"EARL DU TEICH - ROHFRITSCH",67370,"RUMERSHEIM","Autorisation","Régime inconnu : ",67,2014-06-05
"MP AUTOS",67420,"SAALES","Autorisation","Non-Seveso",67,2014-06-05
"EARL MARX",67390,"SAASENHEIM","Autorisation","Régime inconnu : ",67,2014-06-05
"SCEA DES DEUX VALLEES",67440,"SALENTHAL","Autorisation","Régime inconnu : ",67,2014-06-05
"BRUDER KELLER",67260,"SARRE UNION","Autorisation","Non-Seveso",67,2014-06-05
"SAREL",67260,"SARRE UNION","Autorisation","Non-Seveso",67,2014-06-05
"SAREL",67260,"SARRE UNION","Enregistrement","Non-Seveso",67,2014-06-05
"SOMETA",67260,"SARRE UNION","Autorisation","Non-Seveso",67,2014-06-05
"ZIEMANN France (explosifs)",67260,"SARRE UNION","Autorisation","Non-Seveso",67,2014-06-05
"FLABEG France S.A.S",67260,"SARREWERDEN","Autorisation","Non-Seveso",67,2014-06-05
"ALSAFER Environnement",67700,"SAVERNE","Autorisation","Non-Seveso",67,2014-06-05
"BRASSERIE LICORNE",67700,"SAVERNE","Autorisation","Non-Seveso",67,2014-06-05
"KUHN mécanique",67700,"SAVERNE","Autorisation","Non-Seveso",67,2014-06-05
"WIENERBERGER",67470,"SCHAFFHOUSE PRES SELTZ","Autorisation","Non-Seveso",67,2014-06-05
"BOUCHERIE DU VAL D'ARGENT",67750,"SCHERWILLER","Régime inconnu : ","Non-Seveso",67,2014-06-05
"KELLERER",67750,"SCHERWILLER","Autorisation","Non-Seveso",67,2014-06-05
"SMICTOM D'ALSACE CENTRALE (SECHE ECO-IND",67750,"SCHERWILLER","Autorisation","Non-Seveso",67,2014-06-05
"BURGMANN EUGENE",67340,"SCHILLERSDORF","Autorisation","Régime inconnu : ",67,2014-06-05
"AIR PRODUCTS-Schiltigheim",67300,"SCHILTIGHEIM","Autorisation","Non-Seveso",67,2014-06-05
"BUCHINGER",67300,"SCHILTIGHEIM","Enregistrement","Régime inconnu : ",67,2014-06-05
"FEYEL ARTZNER",67300,"SCHILTIGHEIM","Enregistrement","Régime inconnu : ",67,2014-06-05
"HEINEKEN Entreprise",67300,"SCHILTIGHEIM","Autorisation","Non-Seveso",67,2014-06-05
"LOEBER",67300,"SCHILTIGHEIM","Autorisation","Non-Seveso",67,2014-06-05
"MIGROVIA NEW CO",67300,"SCHILTIGHEIM","Enregistrement","Régime inconnu : ",67,2014-06-05
"Société SCHILDIS E. LECLERC",67300,"SCHILTIGHEIM","Enregistrement","Non-Seveso",67,2014-06-05
"ANSTETT",67130,"SCHIRMECK","Autorisation","Non-Seveso",67,2014-06-05
"FONDERIE DE LA BRUCHE - COLIBRU",67130,"SCHIRMECK","Autorisation","Non-Seveso",67,2014-06-05
"TRW COMPOSANTS AUTOMOBILES",67130,"SCHIRMECK","Autorisation","Non-Seveso",67,2014-06-05
"EARL SCHWEITZER",67160,"SCHLEITHAL","Autorisation","Régime inconnu : ",67,2014-06-05
"EARL DU SCHOTTEHOF",67370,"SCHNERSHEIM","Autorisation","Régime inconnu : ",67,2014-06-05
"EARL SCHOTTER MICHEL",67370,"SCHNERSHEIM","Autorisation","Régime inconnu : ",67,2014-06-05
"EARL ULRICH LAURENT",67370,"SCHNERSHEIM","Autorisation","Régime inconnu : ",67,2014-06-05
"SARL ROECKEL",67370,"SCHNERSHEIM","Autorisation","Régime inconnu : ",67,2014-06-05
"AUCHAN Carburants",67590,"SCHWEIGHOUSE SUR MODER","Enregistrement","Non-Seveso",67,2014-06-05
"AUCHAN Schweighouse",67590,"SCHWEIGHOUSE SUR MODER","Autorisation","Non-Seveso",67,2014-06-05
"EJL Alsace",67590,"SCHWEIGHOUSE SUR MODER","Autorisation","Non-Seveso",67,2014-06-05
"ISOBOX TECHNOLOGIES",67590,"SCHWEIGHOUSE SUR MODER","Enregistrement","Non-Seveso",67,2014-06-05
"MULLER CHARLES Schweighouse sur Moder",67590,"SCHWEIGHOUSE SUR MODER","Autorisation","Non-Seveso",67,2014-06-05
"SONOCO PAPER FRANCE SAS",67590,"SCHWEIGHOUSE SUR MODER","Autorisation","Non-Seveso",67,2014-06-05
"EARL SCHNEIDER",67440,"SCHWENHEIM","Autorisation","Régime inconnu : ",67,2014-06-05
"ALBANY INTERNATIONAL FRANCE (Martel Cata",67600,"SELESTAT","Autorisation","Non-Seveso",67,2014-06-05
"ALSAFIL",67600,"SELESTAT","Autorisation","Non-Seveso",67,2014-06-05
"AMCOR (ex ALCAN)",67600,"SELESTAT","Autorisation","Non-Seveso",67,2014-06-05
"DARAMIC SAS",67600,"SELESTAT","Autorisation","Non-Seveso",67,2014-06-05
"DHJ INTERNATIONAL",67600,"SELESTAT","Autorisation","Non-Seveso",67,2014-06-05
"EST ENROBES Sélestat - Groupe LEONHART",67600,"SELESTAT","Autorisation","Non-Seveso",67,2014-06-05
"FREY Jean-Jacques",67600,"SELESTAT","Autorisation","Non-Seveso",67,2014-06-05
"LECLERC ALSEDIS",67600,"SELESTAT","Enregistrement","Non-Seveso",67,2014-06-05
"LOGISTIQUE JUNG SELESTAT",67600,"SELESTAT","Autorisation","Non-Seveso",67,2014-06-05
"SABLIERES J. LEONHART",67600,"SELESTAT","Autorisation","Non-Seveso",67,2014-06-05
"SABLIERES J.LEONHART",67600,"SELESTAT","Autorisation","Non-Seveso",67,2014-06-05
"SALM",67600,"SELESTAT","Autorisation","Non-Seveso",67,2014-06-05
"SAPAU",67600,"SELESTAT","Enregistrement","Non-Seveso",67,2014-06-05
"SOCOPA VIANDES",67600,"SELESTAT","Enregistrement","Régime inconnu : ",67,2014-06-05
"TDI",67600,"SELESTAT","Autorisation","Non-Seveso",67,2014-06-05
"TRANSPORTS KLEIN",67600,"SELESTAT","Autorisation","Non-Seveso",67,2014-06-05
"WANZL",67600,"SELESTAT","Autorisation","Non-Seveso",67,2014-06-05
"CAH Seltz",67470,"SELTZ","Autorisation","Non-Seveso",67,2014-06-05
"EGELHOF SAS (Seltz)",67470,"SELTZ","Autorisation","Non-Seveso",67,2014-06-05
"GRAVIERES et SABLIERES KARL EPPLE",67470,"SELTZ","Autorisation","Non-Seveso",67,2014-06-05
"LES GRAVIERES D'ALSACE - GRAVIDAL",67470,"SELTZ","Autorisation","Non-Seveso",67,2014-06-05
"SELTZ MATERIAUX SARL",67470,"SELTZ","Autorisation","Non-Seveso",67,2014-06-05
"WIENERBERGER",67470,"SELTZ","Autorisation","Non-Seveso",67,2014-06-05
"AUTO CASSE SCHMIDT THIERRY",67770,"SESSENHEIM","Autorisation","Non-Seveso",67,2014-06-05
"GRAVIERE DU RHIN",67770,"SESSENHEIM","Autorisation","Non-Seveso",67,2014-06-05
"SMIEOM",67770,"SESSENHEIM","Enregistrement","Non-Seveso",67,2014-06-05
"SA KIEFFER Travaux Publics",67440,"SINGRIST","Autorisation","Non-Seveso",67,2014-06-05
"TOMASINA",67460,"SOUFFELWEYERSHEIM","Autorisation","Non-Seveso",67,2014-06-05
"ALSACIENNE DE PRODUITS REFRACTAIRES",67620,"SOUFFLENHEIM","Autorisation","Non-Seveso",67,2014-06-05
"EARL ROTT Ernest et Didier",67250,"SOULTZ SOUS FORETS","Autorisation","Régime inconnu : ",67,2014-06-05
"GUNTHER TOOLS",67250,"SOULTZ SOUS FORETS","Autorisation","Non-Seveso",67,2014-06-05
"EARL KIRCHER MICHEL",67340,"SPARSBACH","Autorisation","Régime inconnu : ",67,2014-06-05
"SIVU des Carrières d'Ottrott - St-Nabor",67530,"ST NABOR","Autorisation","Non-Seveso",67,2014-06-05
"CARRIERE DE SAINT-PIERRE-BOIS",67220,"ST PIERRE BOIS","Autorisation","Non-Seveso",67,2014-06-05
"HOLCIM GRANULATS",67770,"STATTMATTEN","Autorisation","Non-Seveso",67,2014-06-05
"MARS Chocolat Steinbourg",67790,"STEINBOURG","Autorisation","Non-Seveso",67,2014-06-05
"RAUSCHER Steinbourg",67790,"STEINBOURG","Autorisation","Non-Seveso",67,2014-06-05
"SABLIERE DE STEINBOURG",67790,"STEINBOURG","Autorisation","Non-Seveso",67,2014-06-05
"SAVERNE TRANSPORTS",67790,"STEINBOURG","Autorisation","Non-Seveso",67,2014-06-05
"SARL FERME SCHAFBUSCH",67160,"STEINSELTZ","Autorisation","Régime inconnu : ",67,2014-06-05
"AGIP France",67000,"STRASBOURG","Enregistrement","Non-Seveso",67,2014-06-05
"AGRI-CHEM",67000,"STRASBOURG","Autorisation","Non-Seveso",67,2014-06-05
"ALTEM S.A.S.",67000,"STRASBOURG","Autorisation","Non-Seveso",67,2014-06-05
"ARCELOR (ex PAB EST)",67000,"STRASBOURG","Autorisation","Non-Seveso",67,2014-06-05
"ARMBRUSTER Strasbourg",67000,"STRASBOURG","Autorisation","Non-Seveso",67,2014-06-05
"ASS.DES AMIS DU ZOO",67000,"STRASBOURG","Autorisation","Régime inconnu : ",67,2014-06-05
"ATAC",67000,"STRASBOURG","Autorisation","Non-Seveso",67,2014-06-05
"ATAC S.A.",67000,"STRASBOURG","Autorisation","Non-Seveso",67,2014-06-05
"AUCHAN CARBURANT",67000,"STRASBOURG","Enregistrement","Non-Seveso",67,2014-06-05
"AUCHAN France S.A.",67000,"STRASBOURG","Autorisation","Non-Seveso",67,2014-06-05
"BIO SPRINGER",67000,"STRASBOURG","Autorisation","Non-Seveso",67,2014-06-05
"BLUE PAPER",67100,"STRASBOURG","Autorisation","Non-Seveso",67,2014-06-05
"BMW FRANCE",67000,"STRASBOURG","Autorisation","Non-Seveso",67,2014-06-05
"BOLLORE ENERGIE Strasbourg",67000,"STRASBOURG","Autorisation","Seuil AS",67,2014-06-05
"CA Strasbourg (Silorins + Silostra)",67000,"STRASBOURG","Autorisation","Non-Seveso",67,2014-06-05
"CAFE SATI",67000,"STRASBOURG","Autorisation","Non-Seveso",67,2014-06-05
"COLAS EST S.A.",67000,"STRASBOURG","Autorisation","Non-Seveso",67,2014-06-05
"COSMEUROP",67200,"STRASBOURG","Autorisation","Non-Seveso",67,2014-06-05
"COSTIMEX DACSA FRANCE S.A.",67000,"STRASBOURG","Autorisation","Non-Seveso",67,2014-06-05
"CTS",67000,"STRASBOURG","Autorisation","Non-Seveso",67,2014-06-05
"CTS",67000,"STRASBOURG","Autorisation","Non-Seveso",67,2014-06-05
"CUS - VALORHIN (ex SASE)",67000,"STRASBOURG","Autorisation","Non-Seveso",67,2014-06-05
"Communauté urbaine de STRASBOURG",67000,"STRASBOURG","Autorisation","Non-Seveso",67,2014-06-05
"Communauté urbaine de STRASBOURG",67000,"STRASBOURG","Autorisation","Non-Seveso",67,2014-06-05
"Communauté urbaine de STRASBOURG",67000,"STRASBOURG","Autorisation","Non-Seveso",67,2014-06-05
"DARSAL S.A.S",67000,"STRASBOURG","Autorisation","Non-Seveso",67,2014-06-05
"DERICHEBOURG",67000,"STRASBOURG","Autorisation","Non-Seveso",67,2014-06-05
"DERICHEBOURG (ex ESKA Minoterie)",67000,"STRASBOURG","Autorisation","Non-Seveso",67,2014-06-05
"ENVIE 2e Alsace SAS",67000,"STRASBOURG","Autorisation","Non-Seveso",67,2014-06-05
"ESCAL",67000,"STRASBOURG","Enregistrement","Régime inconnu : ",67,2014-06-05
"GEODIS BM ALSACE S.A.S.",67000,"STRASBOURG","Autorisation","Non-Seveso",67,2014-06-05
"GRANDS MOULINS DE STRASBOURG GMS",67000,"STRASBOURG","Autorisation","Non-Seveso",67,2014-06-05
"Guy Dauphin Environnement",67100,"STRASBOURG","Autorisation","Non-Seveso",67,2014-06-05
"HAUTEPIERRE ENERGIE",67000,"STRASBOURG","Autorisation","Non-Seveso",67,2014-06-05
"HOPITAUX UNIVERSITAIRES de STRASBOURG",67000,"STRASBOURG","Autorisation","Non-Seveso",67,2014-06-05
"JOHNSON CONTROLS ROTH Strasbourg",67000,"STRASBOURG","Autorisation","Seuil Bas",67,2014-06-05
"KUHNE et NAGEL",67000,"STRASBOURG","Enregistrement","Non-Seveso",67,2014-06-05
"LACTINA",67000,"STRASBOURG","Autorisation","Non-Seveso",67,2014-06-05
"LANA PAPIERS SPECIAUX II",67015,"STRASBOURG","Autorisation","Non-Seveso",67,2014-06-05
"METALIFER Groupe Ecore",67000,"STRASBOURG","Autorisation","Non-Seveso",67,2014-06-05
"METALIFER Groupe Ecore",67000,"STRASBOURG","Autorisation","Non-Seveso",67,2014-06-05
"METALIFER Groupe Ecore 7",67000,"STRASBOURG","Autorisation","Non-Seveso",67,2014-06-05
"MONDELEZ STRASBOURG SNC",67000,"STRASBOURG","Autorisation","Non-Seveso",67,2014-06-05
"MOULINS SOUFFLET",67000,"STRASBOURG","Autorisation","Non-Seveso",67,2014-06-05
"NLMK Strasbourg",67000,"STRASBOURG","Autorisation","Non-Seveso",67,2014-06-05
"NORMA",67000,"STRASBOURG","Autorisation","Non-Seveso",67,2014-06-05
"NOTAPIERRE",67000,"STRASBOURG","Autorisation","Non-Seveso",67,2014-06-05
"PIERRETTE TBA - ELIS",67000,"STRASBOURG","Autorisation","Non-Seveso",67,2014-06-05
"POLYPEPTIDE",67000,"STRASBOURG","Autorisation","Non-Seveso",67,2014-06-05
"PRODAIR ET CIE Strasbourg",67000,"STRASBOURG","Autorisation","Seuil AS",67,2014-06-05
"PROLOGIS France XCVII Eurl",67000,"STRASBOURG","Autorisation","Non-Seveso",67,2014-06-05
"PUNCH POWERGLIDE (Ex GM)",67000,"STRASBOURG","Autorisation","Non-Seveso",67,2014-06-05
"RUBIS TERMINAL",67000,"STRASBOURG","Autorisation","Seuil AS",67,2014-06-05
"SANEST S.A.",67000,"STRASBOURG","Autorisation","Non-Seveso",67,2014-06-05
"SARDI",67000,"STRASBOURG","Autorisation","Non-Seveso",67,2014-06-05
"SARIA INDUSTRIE SUD EST",67000,"STRASBOURG","Autorisation","Régime inconnu : ",67,2014-06-05
"SARM",67000,"STRASBOURG","Autorisation","Non-Seveso",67,2014-06-05
"SCHERRER",67000,"STRASBOURG","Autorisation","Non-Seveso",67,2014-06-05
"SCHROLL S.A.S.",67000,"STRASBOURG","Autorisation","Non-Seveso",67,2014-06-05
"SCI STRASBOURG BAYONNE",67000,"STRASBOURG","Autorisation","Non-Seveso",67,2014-06-05
"SCI STRASBOURG BAYONNE",67000,"STRASBOURG","Autorisation","Non-Seveso",67,2014-06-05
"SCREG EST",67000,"STRASBOURG","Autorisation","Non-Seveso",67,2014-06-05
"SEITA - Groupe Imperial Tobacco",67000,"STRASBOURG","Autorisation","Non-Seveso",67,2014-06-05
"SEITA-Groupe Imperial Tobacco",67000,"STRASBOURG","Autorisation","Non-Seveso",67,2014-06-05
"SENERVAL PTM",67100,"STRASBOURG","Autorisation","Non-Seveso",67,2014-06-05
"SENERVAL UIOM",67100,"STRASBOURG","Autorisation","Non-Seveso",67,2014-06-05
"SENSIENT FLAVORS(UNIVERSAL FLAVORS STG)",67000,"STRASBOURG","Autorisation","Non-Seveso",67,2014-06-05
"SETE / DALKIA",67000,"STRASBOURG","Autorisation","Non-Seveso",67,2014-06-05
"SEVIA",67000,"STRASBOURG","Autorisation","Non-Seveso",67,2014-06-05
"SIICINVEST SA",67000,"STRASBOURG","Autorisation","Non-Seveso",67,2014-06-05
"SIL FALA",67000,"STRASBOURG","Autorisation","Non-Seveso",67,2014-06-05
"SITA ALSACE (Place Levy)",67000,"STRASBOURG","Autorisation","Non-Seveso",67,2014-06-05
"SITA ALSACE VALOREST",67000,"STRASBOURG","Autorisation","Non-Seveso",67,2014-06-05
"SNCF",67000,"STRASBOURG","Autorisation","Non-Seveso",67,2014-06-05
"SOCIETE EUROPEENNE DE STOCKAGE D1",67000,"STRASBOURG","Autorisation","Seuil AS",67,2014-06-05
"SOCIETE EUROPEENNE DE STOCKAGE D2",67000,"STRASBOURG","Autorisation","Seuil AS",67,2014-06-05
"SOCOPA VIANDES",67000,"STRASBOURG","Enregistrement","Régime inconnu : ",67,2014-06-05
"SOMES",67000,"STRASBOURG","Autorisation","Non-Seveso",67,2014-06-05
"SOPREMA",67000,"STRASBOURG","Autorisation","Non-Seveso",67,2014-06-05
"SPA DE STRASBOURG",67000,"STRASBOURG","Autorisation","Régime inconnu : ",67,2014-06-05
"SPIELMANN D. SAS",67000,"STRASBOURG","Autorisation","Non-Seveso",67,2014-06-05
"STANDART CARGILL",67000,"STRASBOURG","Autorisation","Non-Seveso",67,2014-06-05
"STRASBOURG BIOMASSE",67000,"STRASBOURG","Autorisation","Non-Seveso",67,2014-06-05
"STRASBOURG ENERGIE",67000,"STRASBOURG","Autorisation","Non-Seveso",67,2014-06-05
"Société des Malteries d'Alsace",67000,"STRASBOURG","Autorisation","Non-Seveso",67,2014-06-05
"TIMKEN",67000,"STRASBOURG","Autorisation","Non-Seveso",67,2014-06-05
"TOTALFINA ELF Relais de l'Europe",67000,"STRASBOURG","Enregistrement","Non-Seveso",67,2014-06-05
"TREDI Strasbourg",67000,"STRASBOURG","Autorisation","Seuil AS",67,2014-06-05
"VERT MARINE (SERS) NOUVELLE PATINOIRE",67000,"STRASBOURG","Autorisation","Non-Seveso",67,2014-06-05
"WAGRAM TERMINAL SAS",67000,"STRASBOURG","Autorisation","Seuil AS",67,2014-06-05
"WINCANTON MONDIA",67000,"STRASBOURG","Autorisation","Non-Seveso",67,2014-06-05
"WINCANTON MONDIA",67000,"STRASBOURG","Autorisation","Non-Seveso",67,2014-06-05
"REINBERGER Struth (carrière)",67290,"STRUTH","Autorisation","Non-Seveso",67,2014-06-05
"SMICTOM d'Alsace Centrale",67920,"SUNDHOUSE","Enregistrement","Non-Seveso",67,2014-06-05
"H.B. FULLER ADHESIVES FRANCE SAS",67250,"SURBOURG","Autorisation","Non-Seveso",67,2014-06-05
"HOPFNER",67440,"THAL MARMOUTIER","Autorisation","Non-Seveso",67,2014-06-05
"CAVE DU ROI DAGOBERT",67310,"TRAENHEIM","Autorisation","Non-Seveso",67,2014-06-05
"EARL BOGNER WEBER",67470,"TRIMBACH","Autorisation","Régime inconnu : ",67,2014-06-05
"EARL DES VOLIERES",67470,"TRIMBACH","Autorisation","Régime inconnu : ",67,2014-06-05
"CRIQUI Marthe",67370,"TRUCHTERSHEIM","Autorisation","Régime inconnu : ",67,2014-06-05
"SIAT BRAUN Urmatt",67280,"URMATT","Autorisation","Non-Seveso",67,2014-06-05
"HELMBACHER SABLIERES Valff",67210,"VALFF","Autorisation","Non-Seveso",67,2014-06-05
"VALFF ENROBES (STRASAL)",67210,"VALFF","Autorisation","Non-Seveso",67,2014-06-05
"CASSE AUTO DEMOLITION SARL",67550,"VENDENHEIM","Autorisation","Non-Seveso",67,2014-06-05
"COMPTOIR AGRICOLE Vendenheim",67550,"VENDENHEIM","Autorisation","Non-Seveso",67,2014-06-05
"CCM",67430,"VOELLERDINGEN","Autorisation","Non-Seveso",67,2014-06-05
"RAUSCHER Volksberg",67290,"VOLKSBERG","Autorisation","Non-Seveso",67,2014-06-05
"BIEBER Waldhambach",67430,"WALDHAMBACH","Autorisation","Non-Seveso",67,2014-06-05
"KUNTZ",67430,"WALDHAMBACH","Autorisation","Non-Seveso",67,2014-06-05
"WEBER ERNEST Wangenbourg Engenthal",67710,"WANGENBOURG ENGENTHAL","Autorisation","Non-Seveso",67,2014-06-05
"ALSAPAN FURNITURE Wasselonne",67310,"WASSELONNE","Autorisation","Non-Seveso",67,2014-06-05
"CHAUX DE WASSELONNE",67310,"WASSELONNE","Autorisation","Non-Seveso",67,2014-06-05
"CHAUX DE WASSELONNE",67310,"WASSELONNE","Autorisation","Non-Seveso",67,2014-06-05
"CINE",67310,"WASSELONNE","Autorisation","Non-Seveso",67,2014-06-05
"ROENFANZ-MARTZOLFF",67310,"WASSELONNE","Autorisation","Non-Seveso",67,2014-06-05
"TECHNIQUES SURFACES EW",67310,"WASSELONNE","Autorisation","Non-Seveso",67,2014-06-05
"SARL DU COMTE DE HANAU",67340,"WEINBOURG","Autorisation","Régime inconnu : ",67,2014-06-05
"GEORGES RAUSCHER",67290,"WEISLINGEN","Autorisation","Non-Seveso",67,2014-06-05
"SMITOM HAGUENAU SAVERNE",67500,"WEITBRUCH","Autorisation","Non-Seveso",67,2014-06-05
"EARL DERIVAUX",67230,"WESTHOUSE","Autorisation","Régime inconnu : ",67,2014-06-05
"SEEMANN FLORENT",67440,"WESTHOUSE MARMOUTIER","Autorisation","Régime inconnu : ",67,2014-06-05
"CHARCUTERIE PIERRE SCHMIDT",67720,"WEYERSHEIM","Autorisation","Non-Seveso",67,2014-06-05
"CHARCUTERIE PIERRE SCHMIDT SAS",67720,"WEYERSHEIM","Autorisation","Non-Seveso",67,2014-06-05
"GRAVIERES D'ALSACE LORRAINE",67720,"WEYERSHEIM","Autorisation","Non-Seveso",67,2014-06-05
"GAEC DE LA SOURCE-HATT",67270,"WICKERSHEIM WILSHAUSEN","Autorisation","Régime inconnu : ",67,2014-06-05
"LALIQUE",67290,"WINGEN SUR MODER","Autorisation","Non-Seveso",67,2014-06-05
"MUNSCH-GULDEN (anct GULDEN)",67290,"WINGEN SUR MODER","Autorisation","Non-Seveso",67,2014-06-05
"PFISTER HUBERT",67170,"WINGERSHEIM","Autorisation","Régime inconnu : ",67,2014-06-05
"EARL SCHNEIDER - FERME FAUST",67470,"WINTZENBACH","Autorisation","Régime inconnu : ",67,2014-06-05
"SMICTOM DU NORD DU BAS-RHIN (CSDU)",67470,"WINTZENBACH","Autorisation","Non-Seveso",67,2014-06-05
"CARRIERE DE TRAPP",67130,"WISCHES","Autorisation","Non-Seveso",67,2014-06-05
"DELABLI (DIVISION DELPIERRE)",67130,"WISCHES","Autorisation","Régime inconnu : ",67,2014-06-05
"SAPRONIT",67130,"WISCHES","Autorisation","Non-Seveso",67,2014-06-05
"STEELCASE SA",67130,"WISCHES","Autorisation","Non-Seveso",67,2014-06-05
"BLOCH FRERES Wissembourg",67160,"WISSEMBOURG","Autorisation","Non-Seveso",67,2014-06-05
"BURSTNER",67160,"WISSEMBOURG","Autorisation","Non-Seveso",67,2014-06-05
"CFGV CIE FRANCAISE DES GRANDS VINS",67160,"WISSEMBOURG","Autorisation","Non-Seveso",67,2014-06-05
"FRIEDRICH-Sablières de quartz",67160,"WISSEMBOURG","Autorisation","Non-Seveso",67,2014-06-05
"INTERPOLYMER",67160,"WISSEMBOURG","Autorisation","Non-Seveso",67,2014-06-05
"KAST FABIEN",67160,"WISSEMBOURG","Autorisation","Régime inconnu : ",67,2014-06-05
"MBF ENVIRONNEMENT SARL",67160,"WISSEMBOURG","Autorisation","Non-Seveso",67,2014-06-05
"MORGAN THERMAL CERAMICS",67160,"WISSEMBOURG","Autorisation","Non-Seveso",67,2014-06-05
"OUTILS WOLF Wissembourg",67160,"WISSEMBOURG","Autorisation","Non-Seveso",67,2014-06-05
"RAUSCHER Wissembourg",67160,"WISSEMBOURG","Autorisation","Non-Seveso",67,2014-06-05
"EARL DU BRUEHLI-HAUG",67230,"WITTERNHEIM","Autorisation","Régime inconnu : ",67,2014-06-05
"EARL GAUTSCH",67230,"WITTERNHEIM","Autorisation","Régime inconnu : ",67,2014-06-05
"COMPTOIR AGRICOLE",67370,"WIWERSHEIM","Autorisation","Non-Seveso",67,2014-06-05
"STAR AUTO Woerth",67360,"WOERTH","Autorisation","Non-Seveso",67,2014-06-05
"ELF Relais de Wolfisheim",67202,"WOLFISHEIM","Enregistrement","Non-Seveso",67,2014-06-05
"EARL GANTZER BENOIT",67700,"WOLSCHHEIM","Autorisation","Régime inconnu : ",67,2014-06-05
"EARL SORGIUS",67700,"WOLSCHHEIM","Autorisation","Régime inconnu : ",67,2014-06-05
"MEHL",67700,"WOLSCHHEIM","Autorisation","Non-Seveso",67,2014-06-05
"GAEC DES VOYAGEURS",67310,"ZEHNACKER","Autorisation","Régime inconnu : ",67,2014-06-05
"EARL FRITSCH Jean-Marie",67310,"ZEINHEIM","Autorisation","Régime inconnu : ",67,2014-06-05
"GAEC DE LA MODER siège social PFAFFENHO",67110,"ZINSWILLER","Autorisation","Régime inconnu : ",67,2014-06-05
